# Inlet acid conc (mol/m3),cell_triplet_num_1,cell width -1 (m),cell length -1 (m),cell channel height -1 (m),channel velocity at exit - 1(m/s),Voltage - 1(V),current density -1 (A/m2),current density limiting bpem -1 (A/m2),AC power (KW),Pressure ratio diluate,LCObase ($/kg),SECbase(kW hr/kg),Total annual cost ,Total electricity (kW),Base output conc (mol/m3),Acid output conc (mol/m3),Na Basate (mol/m3),OH Basate (mol/m3),H Basate (mol/m3),Cl Basate (mol/m3),elec migration mono cem Na,nonelec migration mono cem Na,Base output flow (kg/s),Acid output flow (kg/s),Inlet salt (mol/m3),Outlet salt (mol/m3)
5.000000e+01,1.630000e+02,9.985589e-02,1.317555e+00,5.000000e-04,5.905448e-02,4.668376e+02,2.089608e+02,1.497586e-03,1.344444e+01,1.000004e+00,6.976358e-01,2.137617e+00,4.284935e+04,1.347989e+01,2.000000e+02,1.610511e+02,2.128571e+02,2.000000e+02,3.338326e-05,1.058991e+01,2.079097e-03,3.101286e-04,1.751677e-03,2.611881e-03,1.196581e+03,1.089451e+03
8.750000e+01,1.630000e+02,9.985588e-02,1.287687e+00,5.000000e-04,5.903527e-02,4.665824e+02,2.113225e+02,1.399875e-03,1.344444e+01,1.000004e+00,6.857228e-01,2.136323e+00,4.214069e+04,1.347911e+01,2.000000e+02,1.968868e+02,2.124732e+02,2.000000e+02,3.337413e-05,1.026555e+01,2.102596e-03,3.105638e-04,1.752635e-03,3.197512e-03,1.196581e+03,1.091050e+03
1.250000e+02,1.630000e+02,9.985588e-02,1.265622e+00,5.000000e-04,5.901921e-02,4.663583e+02,2.133159e+02,1.329647e-03,1.344444e+01,1.000004e+00,6.768792e-01,2.135205e+00,4.161721e+04,1.347853e+01,2.000000e+02,2.327355e+02,2.121897e+02,2.000000e+02,3.336611e-05,1.002626e+01,2.122429e-03,3.108946e-04,1.753478e-03,3.784903e-03,1.196581e+03,1.092390e+03
1.625000e+02,1.630000e+02,9.985609e-02,1.248483e+00,5.000000e-04,5.900504e-02,4.661541e+02,2.150231e+02,1.276218e-03,1.344444e+01,1.000002e+00,6.699741e-01,2.134199e+00,4.121070e+04,1.347808e+01,2.000000e+02,2.685584e+02,2.119695e+02,2.000000e+02,3.335880e-05,9.840711e+00,2.139415e-03,3.111596e-04,1.754246e-03,4.373421e-03,1.196581e+03,1.093566e+03
2.000000e+02,1.630000e+02,9.985609e-02,1.234754e+00,5.000000e-04,5.899240e-02,4.659638e+02,2.165017e+02,1.234081e-03,1.344444e+01,1.000002e+00,6.644085e-01,2.133272e+00,4.088505e+04,1.347773e+01,2.000000e+02,3.043349e+02,2.117928e+02,2.000000e+02,3.335199e-05,9.692291e+00,2.154126e-03,3.113791e-04,1.754963e-03,4.962726e-03,1.196581e+03,1.094627e+03
